n_boletim;_;dia;_;n_dia;_;dados_medidos;_;_;confirmados;_;descartados;_;_;internados;_;obitosEmInvestigacao;_;obitosConfirmados;_;_;sindromeGripalAc;_;sindromeGripalIns;_;_;MM_14D_confirmados;_;MM_14D_obitosConfirmados;_;_;MM_14D_SG_Ac;_;MM_14D_internados;_;_;TC_30D_confirmados;_;TC_30D_SG_Ac;_;_;TC_30D_e_MM_14D_confirmados;_;TC_30D_e_MM_14D_SG_Ac;_;_;R_MMSGAc_MMconfirmados;_;R_MMconfirmados_MMobitos
1;;16/03/2020;;1;;true;;;0;;4;;;0;;0;;0;;;;;;;;0;;0;;;;;4;;;;;;;;;;;;;;;0
2;;17/03/2020;;2;;true;;;0;;4;;;0;;0;;0;;;;;;;;0;;0;;;;;6;;;;;;;;;;;;;;;0
3;;18/03/2020;;3;;true;;;1;;4;;;0;;0;;0;;;;;;;;0;;0;;;;;7;;;;;;;;;;;;;;;0
4;;19/03/2020;;4;;true;;;1;;4;;;3;;0;;0;;;;;;;;0;;0;;;;;8;;;;;;;;;;;;;;;0
5;;20/03/2020;;5;;true;;;1;;4;;;8;;0;;0;;;;;;;;0;;0;;;40;;10;;;;;;;;;;1;;;40;;0
6;;21/03/2020;;6;;true;;;1;;4;;;9;;0;;0;;;;;;;;1;;0;;;77;;11;;;;;;;;;;2;;;77;;1
7;;22/03/2020;;7;;true;;;1;;4;;;8;;0;;0;;;;;;;;1;;0;;;113;;12;;;;;;;;;;3;;;113;;1
8;;23/03/2020;;8;;true;;;1;;7;;;9;;0;;0;;;;;;;;1;;0;;;146;;13;;;;;;;;;;4;;;146;;1
9;;24/03/2020;;9;;true;;;1;;7;;;19;;3;;0;;;;;;;;1;;0;;;195;;15;;;;;;;;;;6;;;195;;1
10;;25/03/2020;;10;;true;;;1;;7;;;19;;4;;0;;;;;;;;1;;0;;;246;;16;;;;;;;;;;8;;;246;;1
11;;26/03/2020;;11;;true;;;1;;7;;;22;;4;;0;;;;;;;;1;;0;;;301;;18;;;;;;;;;;10;;;301;;1
12;;27/03/2020;;12;;true;;;2;;7;;;24;;4;;0;;;482;;;;;1;;0;;;359;;20;;;;;16;;;;;11;;;359;;1
13;;28/03/2020;;13;;true;;;2;;7;;;24;;6;;0;;;530;;;;;1;;0;;;418;;21;;;;;18;;;;;13;;;418;;1
14;;29/03/2020;;14;;true;;;2;;11;;;27;;6;;0;;;573;;;;;1;;0;;;477;;22;;;;;19;;;;;15;;;477;;1
15;;30/03/2020;;15;;true;;;2;;11;;;29;;6;;0;;;614;;;;;1;;0;;;540;;23;;;;;20;;;;;17;;;540;;1
16;;31/03/2020;;16;;true;;;2;;13;;;25;;6;;0;;;734;;;;;2;;0;;;613;;24;;;;;24;;;;;20;;;306,5;;2
17;;01/04/2020;;17;;true;;;2;;13;;;26;;6;;0;;;765;;;;;2;;0;;;690;;25;;;;;26;;;;;22;;;345;;2
18;;02/04/2020;;18;;true;;;2;;13;;;27;;6;;0;;;819;;;;;2;;0;;;768;;26;;;;;27;;;;;25;;;384;;2
19;;03/04/2020;;19;;true;;;2;;21;;;29;;8;;0;;;875;;;;;2;;0;;;847;;26;;;;;29;;;;;28;;;423,5;;2
20;;04/04/2020;;20;;true;;;3;;26;;;23;;9;;0;;;884;;;;;3;;0;;;895;;26;;;;;29;;;;;29;;;298,3;;3
21;;05/04/2020;;21;;true;;;3;;33;;;22;;10;;0;;;892;;;;;3;;0;;;941;;27;;;;;30;;;;;31;;;313,7;;3
22;;06/04/2020;;22;;true;;;3;;33;;;25;;11;;0;;;940;;;;;3;;0;;;986;;26;;;;;31;;;;;32;;;328,7;;3
23;;07/04/2020;;23;;true;;;3;;36;;;25;;10;;0;;;1088;;;;;4;;0;;;1031;;26;;;;;36;;;;;34;;;257,8;;4
24;;08/04/2020;;24;;true;;;4;;38;;;32;;9;;1;;;1154;;;;;4;;1;;;1069;;26;;;;;38;;;;;35;;;267,3;;4
25;;09/04/2020;;25;;true;;;6;;50;;;31;;4;;2;;;1170;;;;;4;;1;;;1105;;26;;;;;39;;;;;36;;;276,3;;4
26;;10/04/2020;;26;;true;;;6;;51;;;29;;4;;2;;;1193;;;;;5;;1;;;1140;;25;;;;;40;;;;;38;;;228;;5
27;;11/04/2020;;27;;true;;;6;;51;;;27;;5;;2;;;1201;;443;;;5;;1;;;1173;;24;;;;;40;;;;;39;;;234,6;;5
28;;12/04/2020;;28;;true;;;6;;51;;;28;;5;;2;;;1217;;384;;;6;;1;;;1205;;24;;;;;41;;;;;40;;;200,8;;6
29;;13/04/2020;;29;;true;;;7;;62;;;25;;7;;2;;;1245;;361;;;6;;1;;;1240;;24;;;;;42;;;;;41;;;206,7;;6
30;;14/04/2020;;30;;true;;;7;;71;;;24;;7;;2;;;1291;;273;;;7;;1;;;1273;;24;;;;;43;;;;;42;;;181,9;;7
31;;15/04/2020;;31;;true;;;7;;122;;;23;;5;;2;;;1301;;335;;;8;;1;;;1301;;24;;;;;43;;;;;43;;;162,6;;8
32;;16/04/2020;;32;;true;;;8;;136;;;22;;6;;2;;;1317;;314;;;9;;2;;;1327;;23;;;;;44;;;;;44;;;147,4;;4,5
33;;17/04/2020;;33;;true;;;10;;173;;;21;;6;;2;;;1340;;300;;;10;;2;;;1356;;22;;;;;45;;;;;45;;;135,6;;5
34;;18/04/2020;;34;;true;;;10;;173;;;13;;8;;2;;;1365;;278;;;11;;2;;;1386;;21;;;;;46;;;;;46;;;126;;5,5
35;;19/04/2020;;35;;true;;;10;;183;;;17;;6;;2;;;1375;;257;;;12;;2;;;1416;;21;;;;;46;;;;;46;;;118;;6
36;;20/04/2020;;36;;true;;;10;;184;;;24;;6;;2;;;1413;;260;;;13;;2;;;1446;;20;;;;;47;;;;;46;;;111,2;;6,5
37;;21/04/2020;;37;;true;;;10;;192;;;23;;6;;2;;;1429;;250;;;15;;2;;;1483;;19;;;;;48;;;;;46;;;98,9;;7,5
38;;22/04/2020;;38;;true;;;16;;202;;;25;;6;;2;;;1513;;257;;;16;;2;;;1517;;19;;;1;;50;;;;;45;;;94,8;;8
39;;23/04/2020;;39;;true;;;16;;216;;;20;;6;;2;;;1538;;249;;;18;;2;;;1553;;18;;;1;;51;;;;;45;;;86,3;;9
40;;24/04/2020;;40;;true;;;22;;223;;;20;;7;;2;;;1615;;280;;;20;;2;;;1589;;18;;;1;;54;;;;;44;;;79,5;;10
41;;25/04/2020;;41;;true;;;22;;229;;;17;;2;;2;;;1635;;273;;;21;;2;;;1625;;17;;;1;;55;;;;;44;;;77,4;;10,5
42;;26/04/2020;;42;;true;;;25;;401;;;15;;2;;2;;;1647;;268;;;23;;2;;;1662;;17;;;1;;39;;;;;43;;;72,3;;11,5
43;;27/04/2020;;43;;true;;;28;;418;;;16;;1;;2;;;1678;;261;;;24;;2;;;1702;;17;;;1;;38;;;;;42;;;70,9;;12
44;;28/04/2020;;44;;true;;;29;;419;;;13;;1;;2;;;1788;;332;;;26;;2;;;1744;;15;;;1;;41;;;;;42;;;67,1;;13
45;;29/04/2020;;45;;true;;;30;;430;;;18;;1;;2;;;1806;;325;;;28;;2;;;1787;;14;;;1;;40;;;1;;41;;;63,8;;14
46;;30/04/2020;;46;;true;;;30;;459;;;20;;1;;2;;;1840;;343;;;29;;2;;;1825;;13;;;1;;37;;;1;;40;;;62,9;;14,5
47;;01/05/2020;;47;;true;;;33;;471;;;11;;1;;2;;;1862;;333;;;30;;2;;;1863;;13;;;1;;37;;;1;;39;;;62,1;;15
48;;02/05/2020;;48;;true;;;33;;471;;;12;;1;;2;;;1880;;336;;;32;;2;;;1898;;12;;;1;;35;;;1;;37;;;59,3;;16
49;;03/05/2020;;49;;true;;;33;;471;;;10;;1;;2;;;1916;;339;;;33;;2;;;1932;;12;;;1;;35;;;1;;36;;;58,5;;16,5
50;;04/05/2020;;50;;true;;;33;;477;;;11;;2;;2;;;1974;;375;;;34;;2;;;1967;;12;;;1;;36;;;1;;35;;;57,9;;17
51;;05/05/2020;;51;;true;;;35;;489;;;5;;2;;3;;;2046;;420;;;35;;2;;;2005;;12;;;1;;38;;;1;;35;;;57,3;;17,5
52;;06/05/2020;;52;;true;;;35;;495;;;8;;2;;3;;;2073;;409;;;36;;2;;;2039;;11;;;1;;38;;;1;;35;;;56,6;;18
53;;07/05/2020;;53;;true;;;36;;498;;;7;;2;;3;;;2085;;398;;;37;;2;;;2074;;11;;;1;;33;;;1;;34;;;56,1;;18,5
54;;08/05/2020;;54;;true;;;38;;510;;;12;;2;;3;;;2113;;393;;;39;;2;;;2108;;10;;;1;;32;;;1;;34;;;54,1;;19,5
55;;09/05/2020;;55;;true;;;40;;519;;;15;;2;;3;;;2130;;362;;;40;;2;;;2142;;10;;;1;;32;;;1;;34;;;53,5;;20
56;;10/05/2020;;56;;true;;;40;;521;;;15;;2;;3;;;2155;;347;;;42;;2;;;2174;;10;;;1;;32;;;1;;34;;;51,8;;21
57;;11/05/2020;;57;;true;;;40;;530;;;13;;2;;3;;;2161;;314;;;44;;2;;;2206;;11;;;1;;32;;;1;;34;;;50,1;;22
58;;12/05/2020;;58;;true;;;42;;540;;;12;;1;;3;;;2252;;359;;;46;;3;;;2237;;11;;;1;;35;;;1;;34;;;48,6;;15,3
59;;13/05/2020;;59;;true;;;45;;564;;;5;;1;;3;;;2303;;371;;;48;;3;;;2265;;12;;;1;;35;;;1;;34;;;47,2;;16
60;;14/05/2020;;60;;true;;;49;;589;;;9;;1;;3;;;2325;;354;;;52;;3;;;2292;;13;;;1;;34;;;1;;33;;;44,1;;17,3
61;;15/05/2020;;61;;true;;;55;;606;;;10;;1;;3;;;2356;;350;;;55;;3;;;2322;;13;;;2;;35;;;1;;34;;;42,2;;18,3
62;;16/05/2020;;62;;true;;;57;;625;;;13;;1;;3;;;2364;;329;;;59;;3;;;2351;;14;;;2;;35;;;1;;34;;;39,8;;19,7
63;;17/05/2020;;63;;true;;;58;;666;;;16;;1;;3;;;2364;;298;;;63;;3;;;2379;;14;;;2;;34;;;1;;34;;;37,8;;21
64;;18/05/2020;;64;;true;;;62;;685;;;19;;1;;3;;;2402;;311;;;66;;3;;;2405;;15;;;2;;35;;;1;;33;;;36,4;;22
65;;19/05/2020;;65;;true;;;67;;718;;;16;;0;;3;;;2429;;311;;;71;;3;;;2434;;16;;;2;;35;;;2;;33;;;34,3;;23,7
66;;20/05/2020;;66;;true;;;70;;728;;;16;;0;;4;;;2464;;319;;;76;;3;;;2458;;16;;;2;;35;;;2;;33;;;32,3;;25,3
67;;21/05/2020;;67;;true;;;85;;752;;;20;;0;;4;;;2486;;298;;;81;;3;;;2482;;17;;;3;;35;;;2;;33;;;30,6;;27
68;;22/05/2020;;68;;true;;;91;;757;;;16;;0;;4;;;2538;;322;;;86;;3;;;2506;;17;;;3;;34;;;2;;32;;;29,1;;28,7
69;;23/05/2020;;69;;true;;;92;;771;;;20;;0;;4;;;2542;;311;;;91;;3;;;2528;;18;;;3;;33;;;2;;32;;;27,8;;30,3
70;;24/05/2020;;70;;true;;;92;;771;;;24;;1;;4;;;2547;;285;;;97;;4;;;2552;;18;;;2;;31;;;2;;31;;;26,3;;24,3
71;;25/05/2020;;71;;true;;;96;;784;;;25;;0;;4;;;2556;;268;;;103;;4;;;2577;;18;;;2;;31;;;2;;31;;;25;;25,8
72;;26/05/2020;;72;;true;;;107;;839;;;19;;0;;4;;;2587;;268;;;110;;4;;;2605;;17;;;3;;31;;;3;;31;;;23,7;;27,5
73;;27/05/2020;;73;;true;;;114;;843;;;17;;0;;4;;;2621;;290;;;117;;4;;;2633;;17;;;3;;31;;;3;;30;;;22,5;;29,3
74;;28/05/2020;;74;;true;;;122;;897;;;19;;0;;4;;;2656;;302;;;123;;4;;;2661;;18;;;3;;29;;;3;;30;;;21,6;;30,8
75;;29/05/2020;;75;;true;;;128;;905;;;18;;0;;5;;;2684;;299;;;130;;4;;;2691;;18;;;3;;29;;;3;;30;;;20,7;;32,5
76;;30/05/2020;;76;;true;;;137;;920;;;15;;0;;5;;;2694;;299;;;138;;4;;;2719;;18;;;4;;28;;;3;;29;;;19,7;;34,5
77;;31/05/2020;;77;;true;;;138;;925;;;13;;0;;5;;;2710;;288;;;145;;4;;;2747;;19;;;4;;28;;;3;;29;;;18,9;;36,3
78;;01/06/2020;;78;;true;;;157;;944;;;14;;0;;5;;;2750;;317;;;156;;4;;;2781;;19;;;4;;29;;;4;;29;;;17,8;;39
79;;02/06/2020;;79;;true;;;162;;954;;;16;;0;;5;;;2816;;353;;;167;;4;;;2817;;20;;;4;;30;;;4;;29;;;16,9;;41,8
80;;03/06/2020;;80;;true;;;165;;990;;;15;;0;;5;;;2851;;365;;;179;;4;;;2856;;21;;;4;;29;;;4;;29;;;16;;44,8
81;;04/06/2020;;81;;true;;;167;;1018;;;19;;0;;5;;;2886;;370;;;190;;5;;;2894;;22;;;4;;28;;;5;;29;;;15,2;;38
82;;05/06/2020;;82;;true;;;192;;1065;;;22;;0;;5;;;2932;;363;;;201;;5;;;2932;;24;;;5;;29;;;5;;29;;;14,6;;40,2
83;;06/06/2020;;83;;true;;;205;;1077;;;22;;1;;5;;;2953;;361;;;212;;5;;;2969;;25;;;6;;29;;;5;;29;;;14;;42,4
84;;07/06/2020;;84;;true;;;205;;1077;;;29;;1;;5;;;2973;;353;;;224;;5;;;3006;;27;;;6;;29;;;6;;30;;;13,4;;44,8
85;;08/06/2020;;85;;true;;;248;;1103;;;33;;2;;5;;;3050;;353;;;235;;5;;;3046;;28;;;7;;31;;;6;;30;;;13;;47
86;;09/06/2020;;86;;true;;;266;;1181;;;37;;0;;5;;;3103;;420;;;246;;6;;;3087;;29;;;8;;32;;;6;;30;;;12,5;;41
87;;10/06/2020;;87;;true;;;280;;1203;;;34;;0;;5;;;3172;;420;;;257;;6;;;3127;;30;;;8;;34;;;7;;30;;;12,2;;42,8
88;;11/06/2020;;88;;true;;;285;;1211;;;35;;1;;7;;;3191;;444;;;270;;6;;;3172;;31;;;8;;31;;;7;;31;;;11,7;;45
89;;12/06/2020;;89;;true;;;285;;1211;;;41;;1;;7;;;3221;;445;;;283;;7;;;3219;;32;;;8;;31;;;7;;31;;;11,4;;40,4
90;;13/06/2020;;90;;true;;;302;;1283;;;39;;0;;7;;;3239;;440;;;294;;7;;;3265;;33;;;8;;30;;;8;;32;;;11,1;;42
91;;14/06/2020;;91;;true;;;303;;1283;;;39;;0;;7;;;3249;;414;;;305;;7;;;3311;;34;;;8;;30;;;8;;33;;;10,9;;43,6
92;;15/06/2020;;92;;true;;;310;;1296;;;34;;0;;8;;;3310;;444;;;317;;8;;;3361;;35;;;8;;32;;;8;;33;;;10,6;;39,6
93;;16/06/2020;;93;;true;;;315;;1305;;;29;;0;;9;;;3359;;449;;;328;;8;;;3413;;35;;;9;;33;;;8;;34;;;10,4;;41
94;;17/06/2020;;94;;true;;;337;;1378;;;32;;1;;10;;;3425;;463;;;339;;9;;;3466;;34;;;9;;34;;;9;;35;;;10,2;;37,7
95;;18/06/2020;;95;;true;;;353;;1421;;;32;;0;;11;;;3523;;522;;;351;;9;;;3521;;34;;;10;;36;;;9;;36;;;10;;39
96;;19/06/2020;;96;;true;;;362;;1499;;;34;;0;;11;;;3592;;567;;;363;;10;;;3579;;33;;;10;;38;;;9;;37;;;9,9;;36,3
97;;20/06/2020;;97;;true;;;367;;1501;;;34;;0;;11;;;3615;;557;;;378;;10;;;3637;;33;;;9;;38;;;9;;38;;;9,6;;37,8
98;;21/06/2020;;98;;true;;;368;;1501;;;35;;0;;11;;;3644;;537;;;391;;10;;;3695;;32;;;9;;37;;;10;;39;;;9,5;;39,1
99;;22/06/2020;;99;;true;;;376;;1555;;;40;;0;;11;;;3724;;571;;;405;;11;;;3759;;31;;;9;;39;;;10;;41;;;9,3;;36,8
100;;23/06/2020;;100;;true;;;418;;1653;;;34;;1;;11;;;3833;;631;;;420;;11;;;3822;;31;;;11;;43;;;10;;42;;;9,1;;38,2
101;;24/06/2020;;101;;true;;;434;;1724;;;27;;2;;12;;;3906;;662;;;437;;11;;;3886;;31;;;11;;45;;;11;;43;;;8,9;;39,7
102;;25/06/2020;;102;;true;;;455;;1799;;;31;;1;;12;;;3986;;705;;;453;;11;;;3951;;31;;;12;;47;;;11;;44;;;8,7;;41,2
103;;26/06/2020;;103;;true;;;470;;1859;;;27;;1;;12;;;4069;;838;;;469;;12;;;4014;;32;;;12;;48;;;11;;46;;;8,6;;39,1
104;;27/06/2020;;104;;true;;;501;;1860;;;29;;0;;12;;;4087;;731;;;485;;12;;;4074;;31;;;13;;48;;;12;;47;;;8,4;;40,4
105;;28/06/2020;;105;;true;;;501;;1860;;;27;;0;;12;;;4116;;717;;;503;;12;;;4134;;32;;;12;;48;;;12;;48;;;8,2;;41,9
106;;29/06/2020;;106;;true;;;509;;1915;;;27;;0;;13;;;4202;;765;;;522;;12;;;4200;;31;;;12;;50;;;12;;49;;;8;;43,5
107;;30/06/2020;;107;;true;;;541;;2015;;;35;;0;;13;;;4261;;745;;;543;;12;;;4268;;31;;;13;;52;;;13;;50;;;7,9;;45,3
108;;01/07/2020;;108;;true;;;563;;2098;;;33;;1;;13;;;4310;;721;;;564;;13;;;4334;;31;;;14;;52;;;13;;51;;;7,7;;43,4
109;;02/07/2020;;109;;true;;;577;;2158;;;33;;0;;13;;;4401;;767;;;585;;13;;;4401;;31;;;14;;53;;;14;;52;;;7,5;;45
110;;03/07/2020;;110;;true;;;601;;2193;;;34;;0;;13;;;4470;;765;;;606;;13;;;4470;;32;;;15;;54;;;14;;53;;;7,4;;46,6
111;;04/07/2020;;111;;true;;;608;;2203;;;32;;0;;14;;;4491;;713;;;628;;13;;;4536;;32;;;15;;54;;;14;;54;;;7,2;;48,3
112;;05/07/2020;;112;;true;;;633;;2261;;;36;;0;;14;;;4518;;672;;;649;;13;;;4600;;33;;;15;;53;;;14;;55;;;7,1;;49,9
113;;06/07/2020;;113;;true;;;646;;2274;;;30;;1;;14;;;4640;;728;;;672;;14;;;4674;;34;;;15;;56;;;15;;56;;;7;;48
114;;07/07/2020;;114;;true;;;692;;2364;;;35;;0;;14;;;4736;;751;;;698;;14;;;4749;;34;;;16;;59;;;15;;58;;;6,8;;49,9
115;;08/07/2020;;115;;true;;;729;;3469;;;34;;0;;15;;;4831;;790;;;725;;14;;;4828;;34;;;16;;59;;;16;;59;;;6,7;;51,8
116;;09/07/2020;;116;;true;;;751;;3513;;;32;;0;;15;;;4911;;800;;;752;;15;;;4972;;35;;;16;;60;;;16;;62;;;6,6;;50,1
117;;10/07/2020;;117;;true;;;771;;3575;;;39;;3;;15;;;5018;;863;;;780;;15;;;5121;;35;;;16;;62;;;17;;66;;;6,6;;52
118;;11/07/2020;;118;;true;;;800;;3650;;;38;;3;;15;;;5054;;848;;;808;;15;;;5268;;35;;;17;;62;;;18;;69;;;6,5;;53,9
119;;12/07/2020;;119;;true;;;824;;3682;;;34;;2;;15;;;5054;;848;;;837;;15;;;5417;;35;;;18;;61;;;18;;73;;;6,5;;55,8
120;;13/07/2020;;120;;true;;;842;;3702;;;39;;1;;17;;;5216;;908;;;865;;15;;;5573;;35;;;18;;66;;;19;;76;;;6,4;;57,7
121;;14/07/2020;;121;;true;;;902;;3793;;;36;;1;;17;;;5336;;969;;;894;;16;;;5729;;35;;;20;;70;;;19;;80;;;6,4;;55,9
122;;15/07/2020;;122;;true;;;937;;3900;;;38;;1;;17;;;5446;;1010;;;923;;16;;;5888;;34;;;21;;71;;;20;;84;;;6,4;;57,7
123;;16/07/2020;;123;;true;;;974;;3990;;;38;;1;;17;;;6469;;1494;;;952;;16;;;6050;;34;;;22;;104;;;20;;87;;;6,4;;59,5
124;;17/07/2020;;124;;true;;;997;;4078;;;35;;1;;17;;;6637;;1578;;;981;;17;;;6216;;34;;;22;;107;;;21;;91;;;6,3;;57,7
125;;18/07/2020;;125;;true;;;1028;;4172;;;32;;1;;17;;;6676;;1518;;;1011;;17;;;6378;;33;;;23;;105;;;22;;95;;;6,3;;59,5
126;;19/07/2020;;126;;true;;;1029;;4176;;;33;;1;;17;;;6718;;1462;;;1040;;17;;;6540;;33;;;22;;104;;;22;;98;;;6,3;;61,2
127;;20/07/2020;;127;;true;;;1055;;4191;;;33;;3;;17;;;6853;;1500;;;1067;;18;;;6731;;33;;;23;;108;;;23;;103;;;6,3;;59,3
128;;21/07/2020;;128;;true;;;1084;;4247;;;31;;1;;17;;;6980;;1531;;;1096;;18;;;6924;;33;;;24;;111;;;23;;107;;;6,3;;60,9
129;;22/07/2020;;129;;true;;;1128;;4336;;;30;;1;;19;;;7128;;1571;;;1122;;18;;;7118;;33;;;25;;113;;;23;;112;;;6,3;;62,3
130;;23/07/2020;;130;;true;;;1166;;4439;;;28;;1;;19;;;7256;;1575;;;1149;;18;;;7313;;33;;;25;;114;;;24;;116;;;6,4;;63,8
131;;24/07/2020;;131;;true;;;1185;;4544;;;29;;1;;20;;;7401;;1604;;;1177;;19;;;7448;;33;;;25;;117;;;24;;118;;;6,3;;61,9
132;;25/07/2020;;132;;true;;;1219;;4635;;;30;;0;;20;;;7451;;1544;;;1204;;19;;;7573;;33;;;25;;116;;;25;;120;;;6,3;;63,4
133;;26/07/2020;;133;;true;;;1233;;4697;;;36;;0;;20;;;7488;;1430;;;1230;;19;;;7698;;34;;;25;;114;;;25;;122;;;6,3;;64,7
134;;27/07/2020;;134;;true;;;1239;;4697;;;38;;1;;20;;;7913;;1717;;;1257;;20;;;7844;;34;;;25;;128;;;25;;125;;;6,2;;62,9
135;;28/07/2020;;135;;true;;;1274;;4843;;;41;;0;;20;;;8117;;1811;;;1283;;20;;;7992;;34;;;26;;133;;;26;;128;;;6,2;;64,2
136;;29/07/2020;;136;;true;;;1294;;4925;;;35;;1;;20;;;8246;;1797;;;1310;;21;;;8147;;35;;;26;;135;;;26;;131;;;6,2;;62,4
137;;30/07/2020;;137;;true;;;1337;;5025;;;38;;0;;21;;;8370;;1792;;;1336;;21;;;8300;;35;;;27;;137;;;26;;134;;;6,2;;63,6
138;;31/07/2020;;138;;true;;;1387;;5198;;;36;;1;;21;;;8488;;1794;;;1361;;21;;;8452;;36;;;27;;139;;;26;;137;;;6,2;;64,8
139;;01/08/2020;;139;;true;;;1406;;5256;;;38;;0;;21;;;8517;;1696;;;1390;;22;;;8597;;37;;;28;;137;;;26;;139;;;6,2;;63,2
140;;02/08/2020;;140;;true;;;1419;;5286;;;41;;0;;22;;;8558;;1567;;;1416;;22;;;8742;;38;;;27;;136;;;27;;142;;;6,2;;64,4
141;;03/08/2020;;141;;true;;;1433;;5326;;;37;;0;;23;;;8900;;1786;;;1442;;23;;;8895;;37;;;28;;147;;;27;;145;;;6,2;;62,7
142;;04/08/2020;;142;;true;;;1448;;5404;;;36;;1;;24;;;9081;;1819;;;1468;;23;;;9031;;37;;;27;;152;;;27;;147;;;6,2;;63,8
143;;05/08/2020;;143;;true;;;1487;;5530;;;35;;0;;25;;;9294;;1816;;;1495;;24;;;9163;;37;;;28;;155;;;27;;149;;;6,1;;62,3
144;;06/08/2020;;144;;true;;;1516;;5606;;;34;;0;;26;;;9420;;1810;;;1523;;25;;;9298;;36;;;27;;156;;;27;;151;;;6,1;;60,9
145;;07/08/2020;;145;;true;;;1548;;5698;;;44;;0;;26;;;9537;;1769;;;1549;;25;;;9433;;36;;;27;;157;;;27;;153;;;6,1;;62
146;;08/08/2020;;146;;true;;;1613;;5850;;;45;;0;;27;;;9583;;1697;;;1575;;26;;;9564;;36;;;29;;156;;;27;;153;;;6,1;;60,6
147;;09/08/2020;;147;;true;;;1613;;5850;;;36;;0;;27;;;9625;;1584;;;1599;;27;;;9696;;36;;;28;;154;;;27;;152;;;6,1;;59,2
148;;10/08/2020;;148;;true;;;1621;;5856;;;34;;0;;27;;;9782;;1643;;;1624;;27;;;9861;;35;;;27;;158;;;27;;153;;;6,1;;60,1
149;;11/08/2020;;149;;true;;;1636;;5961;;;34;;0;;29;;;9948;;1683;;;1652;;28;;;10010;;35;;;27;;163;;;27;;153;;;6,1;;59
150;;12/08/2020;;150;;true;;;1671;;6073;;;32;;0;;29;;;10109;;1656;;;1681;;29;;;10154;;35;;;28;;163;;;27;;152;;;6;;58
151;;13/08/2020;;151;;true;;;1712;;6235;;;30;;0;;30;;;10268;;1671;;;1708;;29;;;10283;;35;;;27;;164;;;27;;151;;;6;;58,9
152;;14/08/2020;;152;;true;;;1739;;6352;;;39;;0;;31;;;10397;;1661;;;1737;;30;;;10414;;35;;;27;;165;;;27;;150;;;6;;57,9
153;;15/08/2020;;153;;true;;;1769;;6430;;;31;;0;;31;;;10453;;1574;;;1765;;30;;;10539;;35;;;27;;133;;;27;;149;;;6;;58,8
154;;16/08/2020;;154;;true;;;1771;;6430;;;34;;0;;31;;;10488;;1456;;;1790;;31;;;10663;;34;;;26;;128;;;27;;148;;;6;;57,7
155;;17/08/2020;;155;;true;;;1790;;6498;;;32;;0;;32;;;11040;;1876;;;1815;;31;;;10792;;35;;;25;;145;;;26;;147;;;5,9;;58,5
156;;18/08/2020;;156;;true;;;1854;;6613;;;36;;0;;32;;;11137;;1859;;;1840;;32;;;10917;;35;;;28;;147;;;26;;145;;;5,9;;57,5
157;;19/08/2020;;157;;true;;;1884;;6790;;;34;;0;;33;;;11234;;1780;;;1867;;32;;;11036;;35;;;28;;146;;;26;;143;;;5,9;;58,3
158;;20/08/2020;;158;;true;;;1884;;6790;;;34;;0;;33;;;11234;;1780;;;1894;;33;;;11178;;36;;;27;;142;;;26;;141;;;5,9;;57,4
159;;21/08/2020;;159;;true;;;1952;;6963;;;40;;0;;33;;;11389;;1615;;;1920;;33;;;11318;;36;;;27;;142;;;26;;140;;;5,9;;58,2
160;;22/08/2020;;160;;true;;;1976;;7025;;;39;;0;;34;;;11412;;1485;;;1946;;33;;;11449;;36;;;27;;139;;;26;;137;;;5,9;;59
161;;23/08/2020;;161;;true;;;1983;;7025;;;38;;0;;34;;;11443;;1361;;;1970;;34;;;11578;;36;;;27;;135;;;26;;137;;;5,9;;57,9
162;;24/08/2020;;162;;true;;;1984;;7041;;;41;;0;;34;;;11552;;1311;;;1996;;34;;;11728;;36;;;26;;137;;;26;;138;;;5,9;;58,7
163;;25/08/2020;;163;;true;;;2006;;7156;;;41;;0;;34;;;11654;;1268;;;2023;;35;;;11847;;37;;;26;;139;;;26;;138;;;5,9;;57,8
164;;26/08/2020;;164;;true;;;2037;;7189;;;35;;0;;36;;;11743;;1126;;;2048;;36;;;11966;;37;;;27;;128;;;26;;137;;;5,8;;56,9
165;;27/08/2020;;165;;true;;;2069;;7254;;;37;;0;;37;;;12238;;1467;;;2074;;36;;;12086;;37;;;27;;137;;;26;;136;;;5,8;;57,6
166;;28/08/2020;;166;;true;;;2110;;7326;;;37;;0;;37;;;12358;;1443;;;2101;;36;;;12210;;37;;;27;;137;;;26;;135;;;5,8;;58,4
167;;29/08/2020;;167;;true;;;2131;;7408;;;36;;0;;38;;;12367;;1338;;;2125;;37;;;12327;;37;;;26;;133;;;26;;134;;;5,8;;57,4
168;;30/08/2020;;168;;true;;;2131;;7408;;;33;;0;;38;;;12393;;1246;;;2151;;37;;;12452;;36;;;25;;130;;;26;;133;;;5,8;;58,1
169;;31/08/2020;;169;;true;;;2150;;7414;;;41;;0;;39;;;12730;;1469;;;2181;;38;;;12578;;36;;;25;;140;;;26;;132;;;5,8;;57,4
170;;01/09/2020;;170;;true;;;2194;;7546;;;36;;1;;40;;;12827;;1485;;;2214;;38;;;12703;;35;;;26;;142;;;26;;132;;;5,7;;58,3
171;;02/09/2020;;171;;true;;;2238;;7640;;;34;;0;;40;;;12922;;1445;;;2247;;39;;;12825;;34;;;27;;134;;;26;;130;;;5,7;;57,6
172;;03/09/2020;;172;;true;;;2265;;7711;;;37;;0;;40;;;13033;;1433;;;2280;;39;;;12943;;33;;;27;;132;;;27;;130;;;5,7;;58,5
173;;04/09/2020;;173;;true;;;2292;;7790;;;38;;0;;40;;;13098;;1399;;;2310;;40;;;13038;;33;;;27;;127;;;27;;129;;;5,6;;57,8
174;;05/09/2020;;174;;true;;;2316;;7869;;;35;;0;;40;;;13149;;1342;;;2338;;40;;;13129;;32;;;27;;124;;;27;;127;;;5,6;;58,5
174,3;;06/09/2020;;175;;false;;;2335;;7869;;;35;;0;;40;;;13192;;1280;;;2347;;40;;;13160;;32;;;27;;124;;;27;;126;;;5,6;;58,5
174,7;;07/09/2020;;176;;false;;;2354;;7869;;;35;;0;;40;;;13235;;1218;;;2356;;40;;;13192;;32;;;27;;124;;;27;;126;;;5,6;;58,5
175;;08/09/2020;;177;;true;;;2373;;7869;;;35;;0;;40;;;13279;;1156;;;2366;;40;;;13224;;32;;;28;;125;;;27;;126;;;5,6;;59,1
176;;09/09/2020;;178;;true;;;2424;;7972;;;29;;0;;40;;;13337;;1105;;;2395;;41;;;13322;;32;;;27;;125;;;27;;125;;;5,6;;58,4
177;;10/09/2020;;179;;true;;;2478;;8045;;;28;;0;;41;;;13424;;1095;;;2426;;41;;;13398;;32;;;29;;127;;;27;;123;;;5,5;;59,2
178;;11/09/2020;;180;;true;;;2505;;8097;;;27;;0;;41;;;13479;;1024;;;2456;;41;;;13475;;33;;;29;;123;;;27;;120;;;5,5;;59,9
179;;12/09/2020;;181;;true;;;2525;;8149;;;22;;0;;43;;;13517;;963;;;2484;;41;;;13600;;33;;;30;;119;;;27;;119;;;5,5;;60,6
179,5;;13/09/2020;;182;;false;;;2526;;8149;;;25;;0;;43;;;13587;;920;;;2498;;41;;;13661;;33;;;29;;118;;;27;;118;;;5,5;;60,6
180;;14/09/2020;;183;;true;;;2528;;8149;;;28;;0;;43;;;13658;;877;;;2512;;41;;;13722;;33;;;29;;118;;;27;;118;;;5,5;;61,3
181;;15/09/2020;;184;;true;;;2533;;8330;;;35;;2;;43;;;13722;;841;;;2545;;42;;;13844;;33;;;27;;115;;;28;;118;;;5,4;;60,6
182;;16/09/2020;;185;;true;;;2540;;8425;;;34;;2;;43;;;13797;;792;;;2579;;42;;;13978;;33;;;27;;113;;;28;;118;;;5,4;;61,4
183;;17/09/2020;;186;;true;;;2577;;8483;;;35;;0;;43;;;13868;;785;;;2611;;42;;;14111;;33;;;27;;114;;;28;;119;;;5,4;;62,2
184;;18/09/2020;;187;;true;;;2604;;8483;;;40;;0;;43;;;13868;;785;;;2640;;42;;;14242;;34;;;28;;113;;;28;;119;;;5,4;;62,9
185;;19/09/2020;;188;;true;;;2644;;8537;;;40;;0;;43;;;13977;;801;;;2667;;43;;;14376;;35;;;28;;98;;;28;;119;;;5,4;;62
185,5;;20/09/2020;;189;;false;;;2652;;8552;;;38;;0;;43;;;14386;;1050;;;2680;;43;;;14444;;35;;;27;;110;;;28;;119;;;5,4;;62
186;;21/09/2020;;190;;true;;;2660;;8568;;;37;;0;;43;;;14795;;1300;;;2693;;43;;;14512;;36;;;27;;122;;;28;;119;;;5,4;;62,6
187;;22/09/2020;;191;;true;;;2689;;8655;;;40;;0;;43;;;14862;;1294;;;2722;;43;;;14657;;37;;;27;;121;;;28;;120;;;5,4;;63,3
188;;23/09/2020;;192;;true;;;2788;;12431;;;39;;0;;43;;;14937;;1275;;;2752;;43;;;14797;;38;;;30;;123;;;28;;120;;;5,4;;64
189;;24/09/2020;;193;;true;;;2826;;12493;;;36;;0;;43;;;15161;;1407;;;2783;;43;;;14945;;38;;;29;;126;;;28;;120;;;5,4;;64,7
190;;25/09/2020;;194;;true;;;2847;;12612;;;36;;0;;44;;;15276;;1422;;;2818;;43;;;15087;;38;;;29;;129;;;29;;121;;;5,4;;65,5
191;;26/09/2020;;195;;true;;;2867;;12695;;;38;;1;;44;;;15299;;1290;;;2850;;44;;;15234;;39;;;29;;129;;;29;;121;;;5,3;;64,8
191,3;;27/09/2020;;196;;false;;;2868;;12697;;;39;;0;;44;;;15344;;1274;;;2860;;44;;;15284;;39;;;29;;129;;;29;;121;;;5,3;;64,8
191,7;;28/09/2020;;197;;false;;;2870;;12700;;;40;;0;;44;;;15389;;1258;;;2871;;44;;;15334;;39;;;29;;129;;;29;;121;;;5,3;;64,8
192;;29/09/2020;;198;;true;;;2872;;12703;;;42;;0;;44;;;15435;;1242;;;2882;;44;;;15384;;39;;;30;;129;;;29;;121;;;5,3;;65,5
193;;30/09/2020;;199;;true;;;2896;;12812;;;43;;0;;44;;;15508;;1247;;;2914;;44;;;15541;;40;;;30;;128;;;29;;123;;;5,3;;66,2
194;;01/10/2020;;200;;true;;;2965;;12877;;;40;;0;;45;;;15699;;1321;;;2947;;44;;;15646;;40;;;31;;132;;;29;;122;;;5,3;;67
195;;02/10/2020;;201;;true;;;2983;;12877;;;40;;0;;45;;;15765;;1270;;;2980;;44;;;15748;;40;;;30;;118;;;30;;122;;;5,3;;67,7
196;;03/10/2020;;202;;true;;;2999;;12895;;;40;;0;;45;;;15930;;1343;;;3009;;45;;;15854;;40;;;30;;119;;;30;;121;;;5,3;;66,9
196,5;;04/10/2020;;203;;false;;;3027;;12919;;;38;;0;;45;;;15930;;1343;;;3024;;45;;;15904;;40;;;30;;119;;;30;;121;;;5,3;;66,9
197;;05/10/2020;;204;;true;;;3056;;12944;;;37;;0;;45;;;15930;;1343;;;3039;;45;;;15955;;40;;;31;;119;;;30;;121;;;5,3;;67,5
198;;06/10/2020;;205;;true;;;3062;;12950;;;47;;0;;46;;;16072;;1200;;;3069;;45;;;16054;;39;;;31;;123;;;30;;120;;;5,2;;68,2
199;;07/10/2020;;206;;true;;;3085;;13007;;;40;;0;;46;;;16122;;1138;;;3098;;46;;;16152;;39;;;31;;113;;;30;;119;;;5,2;;67,3
200;;08/10/2020;;207;;true;;;3128;;13150;;;46;;0;;46;;;16327;;1152;;;3127;;46;;;16249;;38;;;31;;117;;;30;;118;;;5,2;;68
201;;09/10/2020;;208;;true;;;3150;;13175;;;43;;0;;47;;;16372;;1113;;;3156;;46;;;16372;;38;;;30;;115;;;30;;118;;;5,2;;68,6
202;;10/10/2020;;209;;true;;;3185;;13209;;;38;;0;;47;;;16390;;976;;;3182;;47;;;16487;;38;;;31;;112;;;30;;118;;;5,2;;67,7
202,3;;11/10/2020;;210;;false;;;3197;;13227;;;37;;0;;47;;;16437;;934;;;3190;;47;;;16525;;37;;;31;;112;;;30;;118;;;5,2;;67,7
202,7;;12/10/2020;;211;;false;;;3210;;13245;;;37;;0;;47;;;16484;;892;;;3199;;47;;;16564;;37;;;31;;113;;;30;;118;;;5,2;;67,7
203;;13/10/2020;;212;;true;;;3223;;13263;;;37;;0;;48;;;16532;;850;;;3208;;47;;;16603;;37;;;31;;114;;;30;;118;;;5,2;;68,3
204;;14/10/2020;;213;;false;;;3251;;13343;;;35;;0;;48;;;16607;;828;;;3221;;47;;;16659;;37;;;31;;116;;;29;;118;;;5,2;;68,3
205;;15/10/2020;;214;;true;;;3280;;13423;;;33;;0;;48;;;16682;;807;;;3235;;48;;;16715;;37;;;32;;118;;;29;;119;;;5,2;;67,4
206;;16/10/2020;;215;;true;;;3292;;13468;;;35;;0;;49;;;16752;;799;;;3259;;48;;;16846;;36;;;31;;116;;;29;;120;;;5,2;;67,9
207;;17/10/2020;;216;;true;;;3302;;13512;;;32;;0;;49;;;16776;;730;;;3284;;49;;;16974;;35;;;29;;115;;;29;;121;;;5,2;;67
207,5;;18/10/2020;;217;;false;;;3303;;13514;;;31;;0;;49;;;16832;;717;;;3297;;49;;;17039;;35;;;28;;115;;;29;;122;;;5,2;;67
208;;19/10/2020;;218;;true;;;3304;;13517;;;31;;1;;49;;;16888;;704;;;3310;;49;;;17104;;35;;;28;;115;;;29;;123;;;5,2;;67,6
209;;20/10/2020;;219;;true;;;3337;;13810;;;38;;0;;49;;;17348;;1091;;;3337;;49;;;17226;;34;;;28;;129;;;29;;124;;;5,2;;68,1
210;;21/10/2020;;220;;true;;;3351;;13837;;;35;;0;;51;;;17430;;1088;;;3363;;50;;;17349;;33;;;28;;130;;;29;;124;;;5,2;;67,3
211;;22/10/2020;;221;;true;;;3374;;13930;;;34;;0;;51;;;17508;;1087;;;3390;;50;;;17474;;33;;;28;;128;;;29;;124;;;5,2;;67,8
212;;23/10/2020;;222;;true;;;3399;;13986;;;31;;0;;51;;;17596;;1095;;;3414;;51;;;17595;;32;;;29;;129;;;29;;124;;;5,2;;66,9
212,3;;24/10/2020;;223;;false;;;3406;;14013;;;30;;0;;51;;;17699;;1119;;;3421;;51;;;17641;;32;;;29;;131;;;28;;124;;;5,2;;66,9
212,7;;25/10/2020;;224;;false;;;3413;;14040;;;30;;0;;51;;;17802;;1143;;;3429;;51;;;17688;;32;;;29;;134;;;28;;124;;;5,2;;66,9
213;;26/10/2020;;225;;true;;;3421;;14068;;;30;;0;;52;;;17906;;1167;;;3437;;51;;;17735;;32;;;29;;137;;;28;;125;;;5,2;;67,4
214;;27/10/2020;;226;;true;;;3437;;14157;;;35;;0;;52;;;17984;;1186;;;3461;;51;;;17881;;31;;;29;;137;;;28;;125;;;5,2;;67,9
215;;28/10/2020;;227;;true;;;3480;;14219;;;34;;0;;52;;;18071;;1206;;;3488;;52;;;18044;;32;;;29;;140;;;28;;126;;;5,2;;67,1
216;;29/10/2020;;228;;true;;;3521;;14208;;;32;;0;;52;;;18160;;1203;;;3517;;52;;;18223;;32;;;29;;139;;;28;;128;;;5,2;;67,6
217;;30/10/2020;;229;;true;;;3551;;14280;;;30;;0;;53;;;18226;;1173;;;3547;;52;;;18380;;32;;;30;;114;;;28;;128;;;5,2;;68,2
218;;31/10/2020;;230;;true;;;3585;;14370;;;30;;0;;54;;;18251;;1106;;;3578;;53;;;18540;;32;;;30;;113;;;28;;129;;;5,2;;67,5
218,3;;01/11/2020;;231;;false;;;3585;;14371;;;29;;0;;54;;;18283;;1040;;;3588;;53;;;18595;;32;;;29;;113;;;28;;129;;;5,2;;67,5
218,7;;02/11/2020;;232;;false;;;3585;;14373;;;28;;0;;54;;;18315;;975;;;3598;;53;;;18651;;32;;;28;;113;;;28;;129;;;5,2;;67,5
219;;03/11/2020;;233;;true;;;3585;;14375;;;27;;0;;54;;;18348;;910;;;3609;;53;;;18707;;32;;;27;;114;;;28;;130;;;5,2;;68,1
219,5;;04/11/2020;;234;;false;;;3604;;14415;;;28;;0;;54;;;18570;;1013;;;3624;;53;;;18795;;32;;;27;;117;;;28;;130;;;5,2;;68,1
220;;05/11/2020;;235;;true;;;3624;;14455;;;29;;0;;54;;;18792;;1116;;;3639;;53;;;18884;;32;;;27;;121;;;28;;131;;;5,2;;68,7
221;;06/11/2020;;236;;true;;;3646;;14552;;;31;;0;;54;;;18939;;1164;;;3671;;53;;;19052;;32;;;27;;122;;;28;;132;;;5,2;;69,3
221,3;;07/11/2020;;237;;false;;;3667;;14598;;;31;;0;;54;;;19033;;1166;;;3682;;53;;;19109;;32;;;27;;125;;;28;;132;;;5,2;;69,3
221,7;;08/11/2020;;238;;false;;;3688;;14644;;;32;;0;;54;;;19127;;1169;;;3693;;53;;;19167;;32;;;27;;128;;;28;;132;;;5,2;;69,3
222;;09/11/2020;;239;;true;;;3709;;14691;;;33;;0;;54;;;19221;;1172;;;3704;;53;;;19225;;32;;;28;;131;;;28;;133;;;5,2;;69,9
223;;10/11/2020;;240;;true;;;3746;;14816;;;34;;0;;54;;;19574;;1438;;;3737;;53;;;19397;;32;;;29;;138;;;28;;133;;;5,2;;70,5
224;;11/11/2020;;241;;true;;;3786;;15002;;;39;;0;;54;;;19708;;1437;;;3770;;53;;;19596;;33;;;30;;140;;;28;;135;;;5,2;;71,1
225;;12/11/2020;;242;;true;;;3811;;15074;;;35;;0;;54;;;19825;;1446;;;3805;;54;;;19820;;34;;;28;;138;;;28;;139;;;5,2;;70,5
226;;13/11/2020;;243;;true;;;3839;;15189;;;36;;0;;54;;;20015;;1552;;;3841;;54;;;20053;;35;;;29;;142;;;28;;143;;;5,2;;71,1
226,3;;14/11/2020;;244;;false;;;3844;;15218;;;34;;0;;54;;;20090;;1550;;;3853;;54;;;20141;;35;;;29;;142;;;28;;145;;;5,2;;71,1
226,7;;15/11/2020;;245;;false;;;3850;;15248;;;33;;0;;54;;;20165;;1549;;;3866;;54;;;20230;;35;;;29;;143;;;28;;147;;;5,2;;71,1
227;;16/11/2020;;246;;true;;;3856;;15278;;;32;;0;;54;;;20240;;1548;;;3879;;54;;;20319;;36;;;29;;144;;;29;;149;;;5,2;;71,8
228;;17/11/2020;;247;;true;;;3892;;15403;;;34;;0;;54;;;20435;;1646;;;3917;;54;;;20577;;37;;;28;;150;;;29;;154;;;5,3;;72,5
229;;18/11/2020;;248;;true;;;3937;;15486;;;37;;0;;54;;;20573;;1663;;;3956;;55;;;20833;;38;;;29;;150;;;29;;159;;;5,3;;71,9
230;;19/11/2020;;249;;true;;;3980;;15623;;;34;;0;;54;;;20651;;1620;;;3996;;55;;;21094;;39;;;30;;151;;;29;;164;;;5,3;;72,7
231;;20/11/2020;;250;;true;;;4008;;15691;;;39;;0;;54;;;21155;;1951;;;4039;;55;;;21344;;39;;;29;;161;;;30;;170;;;5,3;;73,4
231,3;;21/11/2020;;251;;false;;;4031;;15758;;;40;;0;;54;;;21296;;1976;;;4053;;55;;;21427;;39;;;29;;165;;;30;;171;;;5,3;;73,4
231,7;;22/11/2020;;252;;false;;;4054;;15825;;;42;;0;;55;;;21437;;2001;;;4068;;55;;;21510;;39;;;30;;169;;;30;;172;;;5,3;;73,4
232;;23/11/2020;;253;;true;;;4077;;15892;;;44;;1;;56;;;21579;;2026;;;4083;;56;;;21594;;39;;;31;;174;;;30;;174;;;5,3;;72,9
233;;24/11/2020;;254;;true;;;4120;;16013;;;46;;0;;57;;;21752;;2075;;;4130;;56;;;21848;;39;;;31;;179;;;31;;178;;;5,3;;73,8
234;;25/11/2020;;255;;true;;;4160;;16196;;;44;;0;;58;;;22340;;2497;;;4179;;57;;;22098;;40;;;31;;194;;;32;;183;;;5,3;;73,3
235;;26/11/2020;;256;;true;;;4199;;16307;;;45;;0;;58;;;22651;;2715;;;4230;;58;;;22407;;40;;;31;;199;;;33;;189;;;5,3;;72,9
236;;27/11/2020;;257;;true;;;4232;;16458;;;42;;0;;58;;;22776;;2731;;;4286;;58;;;22725;;40;;;31;;201;;;34;;196;;;5,3;;73,9
236,3;;28/11/2020;;258;;false;;;4254;;16538;;;42;;0;;58;;;22897;;2699;;;4305;;58;;;22827;;40;;;31;;204;;;34;;198;;;5,3;;73,9
236,7;;29/11/2020;;259;;false;;;4277;;16618;;;43;;0;;59;;;23018;;2667;;;4324;;58;;;22930;;40;;;32;;208;;;34;;200;;;5,3;;73,9
237;;30/11/2020;;260;;true;;;4300;;16698;;;44;;0;;60;;;23139;;2635;;;4344;;59;;;23033;;40;;;33;;212;;;35;;202;;;5,3;;73,6
238;;01/12/2020;;261;;true;;;4392;;16942;;;41;;0;;60;;;23323;;2648;;;4403;;60;;;23357;;40;;;36;;215;;;36;;208;;;5,3;;73,4
239;;02/12/2020;;262;;true;;;4454;;17056;;;42;;0;;61;;;23461;;2590;;;4463;;61;;;23658;;40;;;37;;204;;;37;;214;;;5,3;;73,2
240;;03/12/2020;;263;;true;;;4516;;17207;;;36;;0;;62;;;23632;;2586;;;4525;;62;;;23952;;40;;;39;;207;;;38;;220;;;5,3;;73
241;;04/12/2020;;264;;true;;;4564;;17329;;;40;;0;;64;;;23772;;2574;;;4590;;62;;;24288;;40;;;40;;209;;;40;;227;;;5,3;;74
241,3;;05/12/2020;;265;;false;;;4584;;17385;;;41;;0;;64;;;24137;;2708;;;4611;;62;;;24391;;39;;;40;;220;;;40;;229;;;5,3;;74
241,7;;06/12/2020;;266;;false;;;4604;;17441;;;42;;0;;64;;;24502;;2842;;;4633;;62;;;24494;;39;;;40;;231;;;40;;231;;;5,3;;74
242;;07/12/2020;;267;;true;;;4625;;17497;;;43;;0;;64;;;24868;;2976;;;4655;;63;;;24597;;39;;;41;;242;;;41;;233;;;5,3;;73,9
243;;08/12/2020;;268;;true;;;4727;;17653;;;37;;0;;64;;;25204;;3088;;;4724;;64;;;24898;;39;;;44;;243;;;42;;238;;;5,3;;73,8
244;;09/12/2020;;269;;true;;;4808;;17809;;;32;;0;;66;;;25204;;3088;;;4795;;64;;;25199;;39;;;46;;241;;;44;;244;;;5,3;;74,9
245;;10/12/2020;;270;;true;;;4865;;17902;;;34;;0;;67;;;25513;;2822;;;4870;;65;;;25501;;39;;;46;;248;;;46;;248;;;5,2;;74,9
246;;11/12/2020;;271;;true;;;4919;;18038;;;38;;0;;67;;;25667;;2735;;;4947;;65;;;25842;;40;;;47;;250;;;47;;254;;;5,2;;76,1
246,3;;12/12/2020;;272;;false;;;4946;;18108;;;40;;0;;67;;;25771;;2631;;;4973;;65;;;25955;;40;;;47;;252;;;47;;256;;;5,2;;76,1
246,7;;13/12/2020;;273;;false;;;4974;;18179;;;42;;0;;67;;;25875;;2528;;;4999;;65;;;26069;;40;;;47;;255;;;48;;258;;;5,2;;76,1
247;;14/12/2020;;274;;true;;;5002;;18250;;;44;;0;;67;;;25979;;2425;;;5026;;66;;;26183;;40;;;48;;258;;;49;;260;;;5,2;;76,2
248;;15/12/2020;;275;;true;;;5088;;18388;;;39;;0;;67;;;26799;;3013;;;5110;;66;;;26527;;40;;;50;;285;;;51;;266;;;5,2;;77,4
249;;16/12/2020;;276;;true;;;5141;;18538;;;39;;0;;67;;;26977;;2944;;;5195;;67;;;26877;;41;;;52;;288;;;52;;272;;;5,2;;77,5
250;;17/12/2020;;277;;true;;;5227;;18692;;;42;;0;;67;;;27159;;2903;;;5281;;68;;;27202;;41;;;53;;279;;;54;;277;;;5,2;;77,7
251;;18/12/2020;;278;;true;;;5310;;18852;;;43;;0;;67;;;27302;;2857;;;5368;;68;;;27523;;41;;;55;;279;;;56;;282;;;5,1;;78,9
251,3;;19/12/2020;;279;;false;;;5344;;18907;;;44;;0;;67;;;27424;;2773;;;5398;;68;;;27635;;41;;;55;;280;;;56;;283;;;5,1;;78,9
251,7;;20/12/2020;;280;;false;;;5378;;18963;;;45;;0;;67;;;27546;;2690;;;5428;;68;;;27747;;41;;;56;;281;;;57;;285;;;5,1;;78,9
252;;21/12/2020;;281;;true;;;5412;;19019;;;47;;0;;67;;;27668;;2607;;;5459;;69;;;27860;;41;;;57;;282;;;58;;287;;;5,1;;79,1
253;;22/12/2020;;282;;true;;;5561;;19238;;;45;;0;;68;;;28434;;3208;;;5550;;69;;;28201;;42;;;61;;295;;;60;;293;;;5,1;;80,4
254;;23/12/2020;;283;;true;;;5630;;19408;;;47;;1;;69;;;28573;;3096;;;5643;;70;;;28548;;42;;;61;;296;;;62;;298;;;5,1;;80,6
254,3;;24/12/2020;;284;;false;;;5680;;19538;;;46;;0;;70;;;28646;;2935;;;5674;;70;;;28671;;42;;;62;;297;;;62;;299;;;5,1;;80,6
254,7;;25/12/2020;;285;;false;;;5731;;19669;;;45;;0;;71;;;28720;;2774;;;5706;;70;;;28794;;42;;;64;;298;;;63;;301;;;5,1;;80,6
255;;26/12/2020;;286;;true;;;5782;;19800;;;44;;0;;72;;;28794;;2613;;;5738;;71;;;28917;;42;;;66;;299;;;64;;303;;;5;;80,8
255,5;;27/12/2020;;287;;false;;;5811;;19875;;;44;;0;;72;;;28906;;2505;;;5785;;71;;;29083;;42;;;66;;299;;;65;;304;;;5;;80,8
256;;28/12/2020;;288;;true;;;5840;;19950;;;44;;0;;72;;;29018;;2397;;;5832;;71;;;29249;;42;;;67;;300;;;66;;306;;;5;;82,1
257;;29/12/2020;;289;;true;;;5916;;20107;;;44;;0;;74;;;29746;;2882;;;5928;;72;;;29583;;43;;;69;;317;;;68;;308;;;5;;82,3
258;;30/12/2020;;290;;true;;;6021;;20231;;;40;;1;;74;;;30014;;2939;;;6026;;73;;;29935;;43;;;71;;319;;;70;;312;;;5;;82,5
258,3;;31/12/2020;;291;;false;;;6073;;20302;;;37;;0;;74;;;30098;;2788;;;6059;;73;;;30049;;43;;;72;;320;;;70;;312;;;5;;82,5
258,7;;01/01/2021;;292;;false;;;6126;;20374;;;35;;0;;74;;;30183;;2637;;;6093;;73;;;30163;;43;;;73;;321;;;71;;313;;;5;;82,5
259;;02/01/2021;;293;;true;;;6179;;20446;;;33;;0;;74;;;30268;;2487;;;6127;;73;;;30278;;43;;;75;;323;;;72;;314;;;4,9;;83,9
259,5;;03/01/2021;;294;;false;;;6202;;20504;;;38;;0;;74;;;30443;;2441;;;6177;;73;;;30492;;43;;;75;;327;;;73;;317;;;4,9;;83,9
260;;04/01/2021;;295;;true;;;6225;;20562;;;43;;0;;75;;;30618;;2396;;;6228;;74;;;30706;;44;;;75;;332;;;74;;320;;;4,9;;84,2
261;;05/01/2021;;296;;true;;;6315;;20700;;;40;;0;;76;;;30872;;2421;;;6323;;75;;;31096;;44;;;77;;324;;;76;;325;;;4,9;;84,3
262;;06/01/2021;;297;;true;;;6423;;20876;;;41;;0;;76;;;31515;;2841;;;6421;;76;;;31491;;44;;;78;;331;;;78;;329;;;4,9;;84,5
263;;07/01/2021;;298;;true;;;6510;;21032;;;48;;0;;76;;;31788;;2929;;;6515;;77;;;31926;;45;;;80;;335;;;79;;335;;;4,9;;84,6
264;;08/01/2021;;299;;true;;;6574;;21140;;;47;;0;;76;;;31977;;2929;;;6612;;78;;;32381;;46;;;80;;321;;;81;;342;;;4,9;;84,8
264,3;;09/01/2021;;300;;false;;;6615;;21248;;;47;;0;;77;;;32134;;2910;;;6646;;78;;;32520;;46;;;81;;323;;;81;;343;;;4,9;;84,8
264,7;;10/01/2021;;301;;false;;;6657;;21356;;;47;;0;;78;;;32291;;2891;;;6681;;78;;;32660;;46;;;82;;325;;;81;;344;;;4,9;;84,8
265;;11/01/2021;;302;;true;;;6699;;21465;;;47;;0;;79;;;32449;;2873;;;6716;;79;;;32800;;47;;;83;;327;;;82;;346;;;4,9;;85
266;;12/01/2021;;303;;true;;;6824;;21719;;;44;;0;;80;;;32449;;2873;;;6827;;80;;;33219;;48;;;86;;322;;;84;;349;;;4,9;;85,3
267;;13/01/2021;;304;;true;;;6931;;21878;;;53;;0;;81;;;34080;;2873;;;6939;;81;;;33639;;50;;;88;;365;;;86;;353;;;4,8;;85,7
268;;14/01/2021;;305;;true;;;6987;;22009;;;51;;0;;82;;;34280;;4149;;;7062;;82;;;34065;;52;;;87;;365;;;88;;356;;;4,8;;86,1
269;;15/01/2021;;306;;true;;;7094;;22209;;;46;;1;;83;;;34508;;4210;;;7185;;83;;;34563;;54;;;88;;368;;;90;;363;;;4,8;;86,6
269,3;;16/01/2021;;307;;false;;;7125;;22273;;;48;;0;;83;;;34775;;4237;;;7226;;83;;;34720;;54;;;88;;375;;;90;;365;;;4,8;;86,6
269,7;;17/01/2021;;308;;false;;;7157;;22337;;;51;;0;;84;;;35043;;4264;;;7267;;83;;;34877;;55;;;88;;382;;;91;;367;;;4,8;;86,6
270;;18/01/2021;;309;;true;;;7189;;22401;;;54;;0;;85;;;35311;;4292;;;7308;;84;;;35034;;56;;;89;;389;;;92;;369;;;4,8;;87
271;;19/01/2021;;310;;true;;;7293;;22578;;;60;;0;;86;;;35841;;4526;;;7433;;85;;;35501;;58;;;91;;402;;;94;;373;;;4,8;;87,4
272;;20/01/2021;;311;;true;;;7484;;22779;;;59;;0;;86;;;36041;;4310;;;7565;;86;;;35966;;60;;;95;;372;;;97;;378;;;4,8;;88
273;;21/01/2021;;312;;true;;;7681;;22935;;;66;;0;;87;;;36302;;4228;;;7692;;87;;;36429;;61;;;98;;370;;;99;;384;;;4,7;;88,4
274;;22/01/2021;;313;;true;;;7870;;23147;;;64;;0;;88;;;36560;;4194;;;7814;;88;;;36907;;63;;;102;;379;;;100;;390;;;4,7;;88,8
274,3;;23/01/2021;;314;;false;;;7933;;23209;;;66;;0;;88;;;36709;;4051;;;7853;;88;;;37034;;63;;;103;;380;;;100;;390;;;4,7;;88,8
274,7;;24/01/2021;;315;;false;;;7997;;23271;;;68;;0;;89;;;36858;;3908;;;7893;;89;;;37162;;63;;;105;;381;;;101;;391;;;4,7;;88,8
275;;25/01/2021;;316;;true;;;8061;;23333;;;71;;0;;90;;;37007;;3766;;;7933;;90;;;37290;;64;;;107;;383;;;102;;392;;;4,7;;88,1
276;;26/01/2021;;317;;true;;;8162;;23490;;;68;;1;;91;;;38343;;4843;;;8056;;91;;;37672;;66;;;108;;423;;;103;;394;;;4,7;;88,5
277;;27/01/2021;;318;;true;;;8261;;23685;;;74;;0;;91;;;38582;;4746;;;8174;;93;;;38050;;67;;;109;;420;;;104;;395;;;4,7;;87,9
278;;28/01/2021;;319;;true;;;8397;;23885;;;78;;0;;92;;;38792;;4746;;;8290;;94;;;38397;;69;;;110;;400;;;106;;395;;;4,6;;88,2
279;;29/01/2021;;320;;true;;;8549;;24023;;;67;;0;;95;;;38958;;4531;;;8403;;96;;;38708;;70;;;114;;399;;;106;;394;;;4,6;;87,5
279,3;;30/01/2021;;321;;false;;;8569;;24139;;;69;;0;;96;;;39103;;4343;;;8438;;96;;;38816;;70;;;113;;402;;;106;;394;;;4,6;;87,5
279,7;;31/01/2021;;322;;false;;;8590;;24255;;;71;;0;;97;;;39248;;4156;;;8473;;97;;;38924;;70;;;113;;405;;;106;;394;;;4,6;;87,5
280;;01/02/2021;;323;;true;;;8611;;24372;;;73;;0;;98;;;39393;;3969;;;8508;;98;;;39033;;71;;;113;;408;;;107;;394;;;4,6;;86,8
281;;02/02/2021;;324;;true;;;8649;;24489;;;70;;0;;98;;;39616;;3790;;;8602;;100;;;39353;;72;;;111;;410;;;107;;394;;;4,6;;86
282;;03/02/2021;;325;;true;;;8707;;24676;;;71;;0;;102;;;39816;;3459;;;8688;;102;;;39667;;72;;;110;;405;;;107;;393;;;4,6;;85,2
283;;04/02/2021;;326;;true;;;8837;;24813;;;69;;0;;104;;;40019;;3301;;;8772;;104;;;39970;;72;;;109;;386;;;107;;392;;;4,6;;84,3
284;;05/02/2021;;327;;true;;;8867;;24953;;;68;;0;;106;;;40183;;3149;;;8857;;106;;;40197;;72;;;108;;387;;;107;;388;;;4,5;;83,6
284,3;;06/02/2021;;328;;false;;;8885;;25030;;;72;;0;;107;;;40292;;2971;;;8884;;106;;;40270;;72;;;107;;388;;;106;;386;;;4,5;;83,6
284,7;;07/02/2021;;329;;false;;;8903;;25107;;;76;;0;;108;;;40401;;2794;;;8911;;107;;;40343;;72;;;106;;389;;;106;;384;;;4,5;;83,6
285;;08/02/2021;;330;;true;;;8922;;25185;;;81;;1;;110;;;40510;;2617;;;8939;;108;;;40417;;72;;;105;;391;;;106;;383;;;4,5;;82,8
286;;09/02/2021;;331;;true;;;8990;;25292;;;81;;0;;111;;;40510;;2617;;;9016;;111;;;40633;;71;;;105;;383;;;106;;379;;;4,5;;81,2
287;;10/02/2021;;332;;true;;;9056;;25459;;;77;;0;;113;;;40912;;2346;;;9089;;113;;;40851;;71;;;105;;372;;;105;;375;;;4,5;;80,4
288;;11/02/2021;;333;;true;;;9092;;25591;;;76;;0;;117;;;41099;;2312;;;9173;;115;;;41068;;72;;;102;;370;;;104;;371;;;4,5;;79,8
289;;12/02/2021;;334;;true;;;9172;;25734;;;69;;0;;118;;;41265;;2314;;;9263;;118;;;41282;;72;;;100;;367;;;104;;366;;;4,5;;78,5
289,3;;13/02/2021;;335;;false;;;9219;;25784;;;68;;0;;119;;;41363;;2245;;;9294;;118;;;41353;;72;;;101;;366;;;104;;363;;;4,5;;78,5
289,7;;14/02/2021;;336;;false;;;9266;;25834;;;68;;0;;120;;;41462;;2176;;;9325;;119;;;41424;;72;;;102;;365;;;104;;361;;;4,5;;78,5
290;;15/02/2021;;337;;true;;;9314;;25885;;;68;;1;;121;;;41561;;2108;;;9356;;120;;;41496;;73;;;103;;365;;;104;;359;;;4,4;;78
291;;16/02/2021;;338;;true;;;9443;;26104;;;69;;0;;124;;;41747;;2163;;;9445;;122;;;41709;;73;;;104;;363;;;104;;353;;;4,4;;77,4
292;;17/02/2021;;339;;true;;;9485;;26238;;;67;;0;;125;;;41877;;2073;;;9536;;124;;;41920;;74;;;102;;345;;;103;;347;;;4,4;;76,9
293;;18/02/2021;;340;;true;;;9559;;26348;;;70;;0;;125;;;42043;;2133;;;9633;;126;;;42297;;74;;;102;;342;;;104;;345;;;4,4;;76,5
294;;19/02/2021;;341;;true;;;9639;;26485;;;70;;0;;128;;;42217;;2223;;;9731;;128;;;42687;;74;;;102;;341;;;104;;343;;;4,4;;76
294,3;;20/02/2021;;342;;false;;;9715;;26558;;;72;;0;;129;;;42362;;2219;;;9764;;128;;;42811;;74;;;103;;340;;;103;;342;;;4,4;;76
294,7;;21/02/2021;;343;;false;;;9792;;26631;;;75;;0;;131;;;42507;;2215;;;9797;;129;;;42936;;74;;;104;;340;;;103;;342;;;4,4;;76
295;;22/02/2021;;344;;true;;;9869;;26705;;;78;;0;;133;;;42653;;2211;;;9830;;130;;;43061;;74;;;106;;340;;;103;;342;;;4,4;;75,6
296;;23/02/2021;;345;;true;;;9999;;26928;;;78;;0;;133;;;42825;;2233;;;9929;;131;;;43440;;75;;;106;;346;;;103;;340;;;4,4;;75,8
297;;24/02/2021;;346;;true;;;10105;;27041;;;77;;0;;135;;;43024;;2269;;;10033;;133;;;43818;;76;;;106;;298;;;103;;339;;;4,4;;75,4
298;;25/02/2021;;347;;true;;;10163;;27183;;;73;;0;;135;;;43214;;2337;;;10134;;135;;;44222;;78;;;106;;298;;;102;;338;;;4,4;;75,1
299;;26/02/2021;;348;;true;;;10238;;27327;;;76;;0;;137;;;43348;;2351;;;10237;;137;;;44627;;80;;;105;;295;;;101;;335;;;4,4;;74,7
299,3;;27/02/2021;;349;;false;;;10282;;27403;;;81;;0;;137;;;44289;;2612;;;10275;;137;;;44764;;80;;;105;;317;;;101;;334;;;4,4;;74,7
299,7;;28/02/2021;;350;;false;;;10327;;27479;;;86;;0;;137;;;45231;;2873;;;10313;;138;;;44901;;81;;;105;;339;;;101;;333;;;4,4;;74,7
300;;01/03/2021;;351;;true;;;10372;;27556;;;91;;0;;137;;;46173;;3135;;;10351;;139;;;45038;;82;;;106;;362;;;101;;333;;;4,4;;74,5
301;;02/03/2021;;352;;true;;;10461;;27670;;;77;;0;;141;;;46359;;3134;;;10472;;141;;;45453;;83;;;106;;351;;;101;;331;;;4,3;;74,3
302;;03/03/2021;;353;;true;;;10545;;27802;;;78;;0;;142;;;46511;;3014;;;10597;;144;;;45912;;85;;;102;;349;;;101;;331;;;4,3;;73,6
303;;04/03/2021;;354;;true;;;10584;;27864;;;91;;0;;143;;;46792;;3085;;;10729;;146;;;46378;;88;;;97;;350;;;101;;331;;;4,3;;73,5
304;;05/03/2021;;355;;true;;;10733;;28067;;;91;;0;;143;;;46927;;2995;;;10875;;148;;;46851;;90;;;95;;346;;;102;;331;;;4,3;;73,5
304,3;;06/03/2021;;356;;false;;;10763;;28114;;;91;;0;;146;;;47160;;2984;;;10893;;148;;;46942;;90;;;94;;348;;;101;;332;;;4,3;;73,5
304,7;;07/03/2021;;357;;false;;;10793;;28161;;;92;;0;;149;;;47393;;2973;;;10911;;148;;;47033;;90;;;93;;351;;;101;;333;;;4,3;;73,5
305;;08/03/2021;;358;;true;;;10824;;28208;;;93;;1;;152;;;47626;;2962;;;10930;;149;;;47124;;91;;;92;;354;;;101;;334;;;4,3;;73,4
306;;09/03/2021;;359;;true;;;10985;;28329;;;96;;2;;153;;;47816;;2973;;;10989;;150;;;47425;;92;;;94;;316;;;101;;336;;;4,3;;73,3
307;;10/03/2021;;360;;true;;;11191;;28485;;;100;;0;;156;;;48051;;2910;;;11052;;152;;;47764;;94;;;98;;316;;;101;;340;;;4,3;;72,7
308;;11/03/2021;;361;;true;;;11372;;28621;;;90;;0;;161;;;48263;;2868;;;11114;;153;;;47909;;94;;;99;;316;;;100;;338;;;4,3;;72,6
309;;12/03/2021;;362;;true;;;11522;;28777;;;100;;0;;163;;;49101;;3494;;;11179;;154;;;48064;;96;;;99;;338;;;100;;337;;;4,3;;72,6
309,3;;13/03/2021;;363;;false;;;11632;;28840;;;103;;0;;164;;;49281;;2961;;;11202;;154;;;48121;;96;;;102;;339;;;100;;336;;;4,3;;72,6
309,7;;14/03/2021;;364;;false;;;11742;;28904;;;106;;0;;165;;;49461;;2428;;;11226;;155;;;48179;;97;;;105;;340;;;100;;335;;;4,3;;72,6
310;;15/03/2021;;365;;true;;;11853;;28968;;;110;;0;;166;;;49642;;1895;;;11250;;156;;;48237;;98;;;108;;342;;;100;;335;;;4,3;;72,1
311;;16/03/2021;;366;;true;;;12186;;29205;;;113;;2;;168;;;49918;;1964;;;11333;;157;;;48418;;99;;;118;;343;;;100;;333;;;4,3;;72,2
